fname,label
a437.wav,aire
s339.wav,otro
c681.wav,claxon
f792.wav,freno
s584.wav,otro
f780.wav,freno
f358.wav,freno
a171.wav,aire
f199.wav,freno
a204.wav,aire
a351.wav,aire
s040.wav,otro
a755.wav,aire
a166.wav,aire
f363.wav,freno
f433.wav,freno
f303.wav,freno
c695.wav,claxon
s062.wav,otro
f443.wav,freno
c185.wav,claxon
s714.wav,otro
c217.wav,claxon
a398.wav,aire
s009.wav,otro
a584.wav,aire
f380.wav,freno
s199.wav,otro
f143.wav,freno
a631.wav,aire
c688.wav,claxon
f658.wav,freno
a474.wav,aire
a582.wav,aire
a319.wav,aire
f272.wav,freno
a158.wav,aire
f600.wav,freno
c531.wav,claxon
f728.wav,freno
s646.wav,otro
c374.wav,claxon
f437.wav,freno
a700.wav,aire
c418.wav,claxon
c659.wav,claxon
a181.wav,aire
c440.wav,claxon
f526.wav,freno
f481.wav,freno
f549.wav,freno
c261.wav,claxon
c102.wav,claxon
s457.wav,otro
s342.wav,otro
f613.wav,freno
a038.wav,aire
s380.wav,otro
a748.wav,aire
c310.wav,claxon
f078.wav,freno
s279.wav,otro
s593.wav,otro
a475.wav,aire
s764.wav,otro
a036.wav,aire
a326.wav,aire
c264.wav,claxon
a090.wav,aire
c678.wav,claxon
c752.wav,claxon
f266.wav,freno
c787.wav,claxon
a365.wav,aire
f168.wav,freno
a676.wav,aire
s483.wav,otro
c458.wav,claxon
a547.wav,aire
c732.wav,claxon
c284.wav,claxon
a033.wav,aire
f559.wav,freno
c067.wav,claxon
s337.wav,otro
f512.wav,freno
a355.wav,aire
c698.wav,claxon
a177.wav,aire
c336.wav,claxon
a141.wav,aire
a294.wav,aire
a599.wav,aire
f205.wav,freno
c568.wav,claxon
s528.wav,otro
f710.wav,freno
a597.wav,aire
s445.wav,otro
c043.wav,claxon
a526.wav,aire
s514.wav,otro
c439.wav,claxon
c598.wav,claxon
c491.wav,claxon
a577.wav,aire
s429.wav,otro
a497.wav,aire
s743.wav,otro
f177.wav,freno
a324.wav,aire
c727.wav,claxon
s506.wav,otro
a657.wav,aire
f184.wav,freno
f579.wav,freno
c799.wav,claxon
a264.wav,aire
a767.wav,aire
s384.wav,otro
f729.wav,freno
s689.wav,otro
c105.wav,claxon
a263.wav,aire
f477.wav,freno
a481.wav,aire
a460.wav,aire
a055.wav,aire
a041.wav,aire
s630.wav,otro
s583.wav,otro
f025.wav,freno
a234.wav,aire
c255.wav,claxon
a111.wav,aire
c587.wav,claxon
f653.wav,freno
s431.wav,otro
a063.wav,aire
f654.wav,freno
s707.wav,otro
s139.wav,otro
c331.wav,claxon
f506.wav,freno
s469.wav,otro
a350.wav,aire
c492.wav,claxon
s541.wav,otro
s150.wav,otro
a376.wav,aire
s017.wav,otro
s272.wav,otro
f651.wav,freno
f355.wav,freno
f281.wav,freno
f421.wav,freno
f206.wav,freno
c140.wav,claxon
s503.wav,otro
a241.wav,aire
a246.wav,aire
a560.wav,aire
a551.wav,aire
c017.wav,claxon
a270.wav,aire
a799.wav,aire
c579.wav,claxon
s004.wav,otro
c712.wav,claxon
f327.wav,freno
a163.wav,aire
c144.wav,claxon
a718.wav,aire
a638.wav,aire
c337.wav,claxon
c090.wav,claxon
s794.wav,otro
a208.wav,aire
c082.wav,claxon
a574.wav,aire
c386.wav,claxon
c621.wav,claxon
c027.wav,claxon
c443.wav,claxon
c427.wav,claxon
c149.wav,claxon
f640.wav,freno
f043.wav,freno
s435.wav,otro
c181.wav,claxon
f276.wav,freno
s500.wav,otro
c147.wav,claxon
s096.wav,otro
s010.wav,otro
f463.wav,freno
a161.wav,aire
c658.wav,claxon
a395.wav,aire
f286.wav,freno
f169.wav,freno
s089.wav,otro
s760.wav,otro
c451.wav,claxon
a330.wav,aire
f657.wav,freno
f382.wav,freno
a473.wav,aire
s771.wav,otro
c788.wav,claxon
s359.wav,otro
a735.wav,aire
f778.wav,freno
c438.wav,claxon
f135.wav,freno
s137.wav,otro
f700.wav,freno
c306.wav,claxon
c155.wav,claxon
c263.wav,claxon
f659.wav,freno
a566.wav,aire
f034.wav,freno
c218.wav,claxon
s750.wav,otro
s209.wav,otro
s019.wav,otro
f149.wav,freno
f068.wav,freno
c515.wav,claxon
c642.wav,claxon
f221.wav,freno
a079.wav,aire
f103.wav,freno
a618.wav,aire
a428.wav,aire
a619.wav,aire
a727.wav,aire
a407.wav,aire
f577.wav,freno
s170.wav,otro
a733.wav,aire
s377.wav,otro
a787.wav,aire
s661.wav,otro
c117.wav,claxon
a467.wav,aire
s354.wav,otro
s793.wav,otro
a105.wav,aire
s340.wav,otro
a652.wav,aire
a093.wav,aire
s404.wav,otro
s222.wav,otro
c189.wav,claxon
c538.wav,claxon
s286.wav,otro
a596.wav,aire
c112.wav,claxon
a230.wav,aire
c548.wav,claxon
c297.wav,claxon
s109.wav,otro
f277.wav,freno
f137.wav,freno
a307.wav,aire
a633.wav,aire
f111.wav,freno
f001.wav,freno
s394.wav,otro
a439.wav,aire
a608.wav,aire
c076.wav,claxon
c340.wav,claxon
s371.wav,otro
s631.wav,otro
s141.wav,otro
f701.wav,freno
s627.wav,otro
a002.wav,aire
s660.wav,otro
s568.wav,otro
c230.wav,claxon
c723.wav,claxon
a613.wav,aire
f113.wav,freno
c109.wav,claxon
s270.wav,otro
a014.wav,aire
a316.wav,aire
c699.wav,claxon
c289.wav,claxon
c163.wav,claxon
c456.wav,claxon
a052.wav,aire
c777.wav,claxon
c654.wav,claxon
c411.wav,claxon
s022.wav,otro
f695.wav,freno
s454.wav,otro
c345.wav,claxon
c769.wav,claxon
a032.wav,aire
a449.wav,aire
s683.wav,otro
s161.wav,otro
a178.wav,aire
s786.wav,otro
c266.wav,claxon
a025.wav,aire
a373.wav,aire
f656.wav,freno
a716.wav,aire
s101.wav,otro
c348.wav,claxon
a534.wav,aire
f278.wav,freno
s167.wav,otro
f299.wav,freno
s257.wav,otro
c564.wav,claxon
a082.wav,aire
s079.wav,otro
a690.wav,aire
a325.wav,aire
s602.wav,otro
c302.wav,claxon
s529.wav,otro
f492.wav,freno
f343.wav,freno
c630.wav,claxon
f340.wav,freno
a070.wav,aire
f067.wav,freno
f088.wav,freno
a620.wav,aire
s658.wav,otro
a503.wav,aire
a774.wav,aire
c208.wav,claxon
s090.wav,otro
f098.wav,freno
f099.wav,freno
a724.wav,aire
a731.wav,aire
c567.wav,claxon
f635.wav,freno
c513.wav,claxon
c120.wav,claxon
f422.wav,freno
s321.wav,otro
f200.wav,freno
c596.wav,claxon
c164.wav,claxon
c070.wav,claxon
a370.wav,aire
c704.wav,claxon
c798.wav,claxon
a390.wav,aire
s754.wav,otro
f121.wav,freno
s589.wav,otro
f208.wav,freno
c734.wav,claxon
c758.wav,claxon
s389.wav,otro
s732.wav,otro
s251.wav,otro
s175.wav,otro
f564.wav,freno
f602.wav,freno
s374.wav,otro
s697.wav,otro
c789.wav,claxon
c530.wav,claxon
c532.wav,claxon
f049.wav,freno
f487.wav,freno
c051.wav,claxon
c382.wav,claxon
s388.wav,otro
c609.wav,claxon
c008.wav,claxon
f486.wav,freno
s300.wav,otro
a187.wav,aire
a564.wav,aire
s260.wav,otro
a027.wav,aire
s078.wav,otro
c421.wav,claxon
c778.wav,claxon
c676.wav,claxon
f188.wav,freno
a334.wav,aire
a687.wav,aire
f105.wav,freno
a782.wav,aire
s524.wav,otro
a125.wav,aire
f473.wav,freno
a309.wav,aire
a337.wav,aire
a490.wav,aire
f395.wav,freno
c508.wav,claxon
c762.wav,claxon
c786.wav,claxon
f059.wav,freno
c702.wav,claxon
f140.wav,freno
f179.wav,freno
s370.wav,otro
c760.wav,claxon
s725.wav,otro
f467.wav,freno
c316.wav,claxon
a479.wav,aire
f352.wav,freno
a097.wav,aire
c026.wav,claxon
a065.wav,aire
c631.wav,claxon
s509.wav,otro
a084.wav,aire
s545.wav,otro
c300.wav,claxon
c562.wav,claxon
a266.wav,aire
c474.wav,claxon
f250.wav,freno
a049.wav,aire
a615.wav,aire
c633.wav,claxon
a010.wav,aire
s164.wav,otro
s336.wav,otro
c088.wav,claxon
s645.wav,otro
c256.wav,claxon
c729.wav,claxon
f141.wav,freno
c019.wav,claxon
a095.wav,aire
s784.wav,otro
a287.wav,aire
s587.wav,otro
a074.wav,aire
f485.wav,freno
f306.wav,freno
c069.wav,claxon
s307.wav,otro
c003.wav,claxon
f222.wav,freno
c296.wav,claxon
f522.wav,freno
a659.wav,aire
c561.wav,claxon
f645.wav,freno
a130.wav,aire
f441.wav,freno
c334.wav,claxon
s755.wav,otro
f359.wav,freno
a209.wav,aire
f145.wav,freno
c763.wav,claxon
f033.wav,freno
s413.wav,otro
s032.wav,otro
c550.wav,claxon
c023.wav,claxon
f665.wav,freno
s547.wav,otro
f063.wav,freno
s219.wav,otro
f692.wav,freno
c369.wav,claxon
a730.wav,aire
s287.wav,otro
f697.wav,freno
a103.wav,aire
a100.wav,aire
a668.wav,aire
s075.wav,otro
f193.wav,freno
c514.wav,claxon
a649.wav,aire
f248.wav,freno
s112.wav,otro
c101.wav,claxon
a054.wav,aire
f670.wav,freno
c262.wav,claxon
s292.wav,otro
c238.wav,claxon
a257.wav,aire
f769.wav,freno
a085.wav,aire
a015.wav,aire
f500.wav,freno
a009.wav,aire
s180.wav,otro
a513.wav,aire
s451.wav,otro
f154.wav,freno
c131.wav,claxon
s518.wav,otro
f789.wav,freno
a285.wav,aire
a226.wav,aire
f337.wav,freno
a639.wav,aire
s204.wav,otro
f457.wav,freno
a005.wav,aire
f255.wav,freno
a402.wav,aire
s296.wav,otro
a480.wav,aire
a186.wav,aire
s065.wav,otro
f795.wav,freno
f213.wav,freno
c473.wav,claxon
f704.wav,freno
s477.wav,otro
c021.wav,claxon
f673.wav,freno
s709.wav,otro
a201.wav,aire
a422.wav,aire
a696.wav,aire
a606.wav,aire
c239.wav,claxon
a126.wav,aire
c644.wav,claxon
a523.wav,aire
f510.wav,freno
s436.wav,otro
c764.wav,claxon
s068.wav,otro
c466.wav,claxon
f293.wav,freno
s638.wav,otro
s346.wav,otro
a719.wav,aire
f368.wav,freno
a349.wav,aire
a212.wav,aire
f466.wav,freno
f435.wav,freno
f253.wav,freno
f434.wav,freno
c415.wav,claxon
f626.wav,freno
s513.wav,otro
c363.wav,claxon
s194.wav,otro
f287.wav,freno
s033.wav,otro
c224.wav,claxon
s352.wav,otro
c151.wav,claxon
f689.wav,freno
c113.wav,claxon
f514.wav,freno
c107.wav,claxon
s733.wav,otro
c490.wav,claxon
a556.wav,aire
f044.wav,freno
c047.wav,claxon
a462.wav,aire
f271.wav,freno
c718.wav,claxon
f686.wav,freno
c180.wav,claxon
s218.wav,otro
s117.wav,otro
c206.wav,claxon
a752.wav,aire
c422.wav,claxon
a453.wav,aire
a368.wav,aire
c006.wav,claxon
s275.wav,otro
c590.wav,claxon
s231.wav,otro
s390.wav,otro
f430.wav,freno
c231.wav,claxon
c431.wav,claxon
c318.wav,claxon
s797.wav,otro
f604.wav,freno
a539.wav,aire
c800.wav,claxon
s057.wav,otro
c628.wav,claxon
c058.wav,claxon
f174.wav,freno
s140.wav,otro
s243.wav,otro
f596.wav,freno
f346.wav,freno
c100.wav,claxon
s063.wav,otro
c744.wav,claxon
s487.wav,otro
a559.wav,aire
f024.wav,freno
s536.wav,otro
s278.wav,otro
f203.wav,freno
s281.wav,otro
f313.wav,freno
c229.wav,claxon
s318.wav,otro
c461.wav,claxon
f071.wav,freno
a150.wav,aire
a768.wav,aire
c009.wav,claxon
c403.wav,claxon
s731.wav,otro
c203.wav,claxon
s622.wav,otro
f104.wav,freno
a532.wav,aire
a661.wav,aire
a488.wav,aire
a550.wav,aire
a024.wav,aire
f418.wav,freno
s073.wav,otro
s634.wav,otro
a080.wav,aire
s680.wav,otro
c385.wav,claxon
a300.wav,aire
c001.wav,claxon
f017.wav,freno
c522.wav,claxon
f397.wav,freno
c449.wav,claxon
s174.wav,otro
s778.wav,otro
a763.wav,aire
f153.wav,freno
c253.wav,claxon
a632.wav,aire
a436.wav,aire
s353.wav,otro
f015.wav,freno
s738.wav,otro
s188.wav,otro
s686.wav,otro
a335.wav,aire
c707.wav,claxon
f734.wav,freno
f384.wav,freno
a305.wav,aire
f501.wav,freno
a671.wav,aire
c320.wav,claxon
f774.wav,freno
a224.wav,aire
a162.wav,aire
f694.wav,freno
c133.wav,claxon
a714.wav,aire
f297.wav,freno
f732.wav,freno
c602.wav,claxon
s147.wav,otro
f580.wav,freno
c033.wav,claxon
f284.wav,freno
c125.wav,claxon
s527.wav,otro
s056.wav,otro
a506.wav,aire
s747.wav,otro
c013.wav,claxon
s086.wav,otro
s306.wav,otro
a292.wav,aire
s045.wav,otro
c205.wav,claxon
s160.wav,otro
f634.wav,freno
a207.wav,aire
f775.wav,freno
a129.wav,aire
c172.wav,claxon
c060.wav,claxon
f413.wav,freno
c165.wav,claxon
s748.wav,otro
s418.wav,otro
c765.wav,claxon
c720.wav,claxon
a607.wav,aire
a754.wav,aire
s567.wav,otro
a588.wav,aire
c377.wav,claxon
c576.wav,claxon
f321.wav,freno
s006.wav,otro
a320.wav,aire
c674.wav,claxon
f295.wav,freno
a554.wav,aire
f478.wav,freno
f364.wav,freno
c686.wav,claxon
f151.wav,freno
c417.wav,claxon
s562.wav,otro
c383.wav,claxon
s699.wav,otro
s341.wav,otro
f092.wav,freno
s511.wav,otro
c497.wav,claxon
f712.wav,freno
a286.wav,aire
s679.wav,otro
f575.wav,freno
s729.wav,otro
a039.wav,aire
f563.wav,freno
a749.wav,aire
s550.wav,otro
f223.wav,freno
c225.wav,claxon
c405.wav,claxon
f316.wav,freno
c277.wav,claxon
s704.wav,otro
a247.wav,aire
a227.wav,aire
c731.wav,claxon
f687.wav,freno
s061.wav,otro
a380.wav,aire
s282.wav,otro
f336.wav,freno
c660.wav,claxon
a251.wav,aire
a693.wav,aire
c056.wav,claxon
c141.wav,claxon
f265.wav,freno
s695.wav,otro
s332.wav,otro
f235.wav,freno
c452.wav,claxon
a567.wav,aire
a495.wav,aire
c601.wav,claxon
f333.wav,freno
a058.wav,aire
c484.wav,claxon
s083.wav,otro
c216.wav,claxon
a405.wav,aire
f020.wav,freno
c396.wav,claxon
a441.wav,aire
f317.wav,freno
c436.wav,claxon
a568.wav,aire
s708.wav,otro
s751.wav,otro
s501.wav,otro
f585.wav,freno
a044.wav,aire
s328.wav,otro
c031.wav,claxon
c110.wav,claxon
s142.wav,otro
s560.wav,otro
a308.wav,aire
s301.wav,otro
a210.wav,aire
f159.wav,freno
s156.wav,otro
f612.wav,freno
a609.wav,aire
a416.wav,aire
f187.wav,freno
f720.wav,freno
f307.wav,freno
a022.wav,aire
a786.wav,aire
a791.wav,aire
f054.wav,freno
c143.wav,claxon
c766.wav,claxon
a295.wav,aire
a454.wav,aire
c196.wav,claxon
c775.wav,claxon
c488.wav,claxon
a214.wav,aire
f183.wav,freno
a243.wav,aire
s072.wav,otro
s577.wav,otro
f449.wav,freno
s701.wav,otro
s740.wav,otro
c783.wav,claxon
c446.wav,claxon
s465.wav,otro
f794.wav,freno
a773.wav,aire
a662.wav,aire
s085.wav,otro
c319.wav,claxon
a173.wav,aire
s410.wav,otro
c666.wav,claxon
s239.wav,otro
s208.wav,otro
f520.wav,freno
a289.wav,aire
a421.wav,aire
c005.wav,claxon
c506.wav,claxon
f225.wav,freno
f605.wav,freno
f039.wav,freno
a165.wav,aire
c671.wav,claxon
a507.wav,aire
c669.wav,claxon
a344.wav,aire
f339.wav,freno
f126.wav,freno
s155.wav,otro
f655.wav,freno
c025.wav,claxon
c378.wav,claxon
c412.wav,claxon
f004.wav,freno
s662.wav,otro
s037.wav,otro
c743.wav,claxon
s295.wav,otro
s558.wav,otro
s488.wav,otro
c714.wav,claxon
f682.wav,freno
f683.wav,freno
a614.wav,aire
c083.wav,claxon
s591.wav,otro
s298.wav,otro
a303.wav,aire
f051.wav,freno
s590.wav,otro
a658.wav,aire
s162.wav,otro
f480.wav,freno
s334.wav,otro
f760.wav,freno
f603.wav,freno
s460.wav,otro
s421.wav,otro
a742.wav,aire
a750.wav,aire
a471.wav,aire
c059.wav,claxon
f117.wav,freno
s770.wav,otro
c768.wav,claxon
c192.wav,claxon
c167.wav,claxon
s376.wav,otro
s719.wav,otro
a267.wav,aire
s159.wav,otro
f377.wav,freno
f676.wav,freno
f459.wav,freno
c749.wav,claxon
s210.wav,otro
f267.wav,freno
a651.wav,aire
c476.wav,claxon
f245.wav,freno
s382.wav,otro
s456.wav,otro
s237.wav,otro
c520.wav,claxon
s051.wav,otro
s249.wav,otro
c496.wav,claxon
a143.wav,aire
f348.wav,freno
a794.wav,aire
a414.wav,aire
c501.wav,claxon
c540.wav,claxon
f170.wav,freno
c578.wav,claxon
a728.wav,aire
s092.wav,otro
s157.wav,otro
f256.wav,freno
a018.wav,aire
s351.wav,otro
f166.wav,freno
a091.wav,aire
c372.wav,claxon
a184.wav,aire
f547.wav,freno
s626.wav,otro
c183.wav,claxon
f615.wav,freno
c240.wav,claxon
s597.wav,otro
f341.wav,freno
c716.wav,claxon
a800.wav,aire
a037.wav,aire
f194.wav,freno
c608.wav,claxon
a726.wav,aire
s255.wav,otro
a191.wav,aire
s468.wav,otro
s414.wav,otro
f766.wav,freno
f666.wav,freno
s769.wav,otro
a121.wav,aire
f660.wav,freno
s363.wav,otro
f541.wav,freno
c362.wav,claxon
c756.wav,claxon
c046.wav,claxon
f129.wav,freno
a417.wav,aire
a360.wav,aire
c462.wav,claxon
c625.wav,claxon
c391.wav,claxon
c073.wav,claxon
s234.wav,otro
c274.wav,claxon
f053.wav,freno
a663.wav,aire
c173.wav,claxon
c600.wav,claxon
s624.wav,otro
s028.wav,otro
s592.wav,otro
f142.wav,freno
f444.wav,freno
a157.wav,aire
c365.wav,claxon
c015.wav,claxon
f611.wav,freno
f304.wav,freno
s077.wav,otro
c166.wav,claxon
f719.wav,freno
f408.wav,freno
s466.wav,otro
c040.wav,claxon
c227.wav,claxon
c521.wav,claxon
f494.wav,freno
f646.wav,freno
f552.wav,freno
f484.wav,freno
c032.wav,claxon
s632.wav,otro
s049.wav,otro
a641.wav,aire
a059.wav,aire
s692.wav,otro
s595.wav,otro
c387.wav,claxon
a519.wav,aire
c248.wav,claxon
c341.wav,claxon
s565.wav,otro
a185.wav,aire
c709.wav,claxon
f032.wav,freno
f461.wav,freno
s320.wav,otro
f349.wav,freno
s723.wav,otro
c416.wav,claxon
a359.wav,aire
s532.wav,otro
a466.wav,aire
c673.wav,claxon
f185.wav,freno
s480.wav,otro
f124.wav,freno
a385.wav,aire
f420.wav,freno
s125.wav,otro
s739.wav,otro
f057.wav,freno
s773.wav,otro
c228.wav,claxon
f415.wav,freno
a410.wav,aire
a087.wav,aire
a253.wav,aire
c066.wav,claxon
a356.wav,aire
a061.wav,aire
f679.wav,freno
f629.wav,freno
a392.wav,aire
c254.wav,claxon
f029.wav,freno
f537.wav,freno
s696.wav,otro
s223.wav,otro
f471.wav,freno
s014.wav,otro
c643.wav,claxon
f219.wav,freno
s437.wav,otro
f097.wav,freno
c482.wav,claxon
f557.wav,freno
f798.wav,freno
a231.wav,aire
s202.wav,otro
c535.wav,claxon
f432.wav,freno
a237.wav,aire
a418.wav,aire
s538.wav,otro
f721.wav,freno
s559.wav,otro
f242.wav,freno
a164.wav,aire
s127.wav,otro
a557.wav,aire
f417.wav,freno
a644.wav,aire
f550.wav,freno
c632.wav,claxon
a016.wav,aire
f572.wav,freno
c235.wav,claxon
c201.wav,claxon
s177.wav,otro
a723.wav,aire
f181.wav,freno
c694.wav,claxon
f581.wav,freno
a581.wav,aire
f244.wav,freno
a113.wav,aire
s579.wav,otro
s758.wav,otro
f010.wav,freno
a744.wav,aire
a168.wav,aire
s782.wav,otro
a262.wav,aire
c782.wav,claxon
a672.wav,aire
c010.wav,claxon
f669.wav,freno
c463.wav,claxon
a040.wav,aire
a715.wav,aire
c572.wav,claxon
a062.wav,aire
f212.wav,freno
a203.wav,aire
c328.wav,claxon
f726.wav,freno
c281.wav,claxon
f065.wav,freno
a484.wav,aire
f207.wav,freno
a413.wav,aire
s745.wav,otro
c329.wav,claxon
s553.wav,otro
a193.wav,aire
f662.wav,freno
s198.wav,otro
s387.wav,otro
f667.wav,freno
s452.wav,otro
s211.wav,otro
c075.wav,claxon
a664.wav,aire
a425.wav,aire
c114.wav,claxon
a104.wav,aire
a026.wav,aire
s486.wav,otro
a772.wav,aire
c038.wav,claxon
a313.wav,aire
a699.wav,aire
f006.wav,freno
s060.wav,otro
a572.wav,aire
f631.wav,freno
c159.wav,claxon
a433.wav,aire
c072.wav,claxon
s187.wav,otro
a461.wav,aire
a182.wav,aire
s756.wav,otro
a048.wav,aire
c424.wav,claxon
c525.wav,claxon
f491.wav,freno
a409.wav,aire
a109.wav,aire
f198.wav,freno
f116.wav,freno
f425.wav,freno
c597.wav,claxon
f315.wav,freno
c450.wav,claxon
a225.wav,aire
f647.wav,freno
c309.wav,claxon
a229.wav,aire
s522.wav,otro
f061.wav,freno
a244.wav,aire
s448.wav,otro
c536.wav,claxon
s795.wav,otro
f483.wav,freno
f751.wav,freno
c616.wav,claxon
f707.wav,freno
s350.wav,otro
f356.wav,freno
s788.wav,otro
a275.wav,aire
s652.wav,otro
c615.wav,claxon
s313.wav,otro
s440.wav,otro
f241.wav,freno
s685.wav,otro
f091.wav,freno
a675.wav,aire
f402.wav,freno
f427.wav,freno
a045.wav,aire
a167.wav,aire
s598.wav,otro
f261.wav,freno
a646.wav,aire
s269.wav,otro
c330.wav,claxon
f070.wav,freno
f237.wav,freno
c781.wav,claxon
s667.wav,otro
s464.wav,otro
s338.wav,otro
c696.wav,claxon
s694.wav,otro
f741.wav,freno
f007.wav,freno
f016.wav,freno
f079.wav,freno
c036.wav,claxon
a099.wav,aire
c153.wav,claxon
a242.wav,aire
a323.wav,aire
s649.wav,otro
c471.wav,claxon
s608.wav,otro
c360.wav,claxon
a216.wav,aire
s443.wav,otro
s007.wav,otro
c308.wav,claxon
a119.wav,aire
s091.wav,otro
s618.wav,otro
c250.wav,claxon
s471.wav,otro
s280.wav,otro
c594.wav,claxon
s227.wav,otro
c030.wav,claxon
s385.wav,otro
s097.wav,otro
s154.wav,otro
a042.wav,aire
c037.wav,claxon
s578.wav,otro
a442.wav,aire
c103.wav,claxon
s038.wav,otro
a627.wav,aire
s302.wav,otro
s780.wav,otro
c291.wav,claxon
s274.wav,otro
c199.wav,claxon
c178.wav,claxon
s412.wav,otro
s355.wav,otro
s573.wav,otro
s542.wav,otro
s333.wav,otro
f765.wav,freno
f011.wav,freno
a746.wav,aire
s462.wav,otro
s335.wav,otro
s470.wav,otro
a429.wav,aire
s048.wav,otro
a007.wav,aire
f445.wav,freno
a770.wav,aire
f201.wav,freno
c294.wav,claxon
f497.wav,freno
s373.wav,otro
c779.wav,claxon
c677.wav,claxon
s402.wav,otro
s236.wav,otro
f215.wav,freno
a302.wav,aire
c379.wav,claxon
c505.wav,claxon
c220.wav,claxon
c605.wav,claxon
s505.wav,otro
c618.wav,claxon
a371.wav,aire
f389.wav,freno
f627.wav,freno
a050.wav,aire
a076.wav,aire
s024.wav,otro
s303.wav,otro
a487.wav,aire
s495.wav,otro
f750.wav,freno
f353.wav,freno
f370.wav,freno
c233.wav,claxon
f438.wav,freno
a430.wav,aire
s444.wav,otro
a218.wav,aire
a660.wav,aire
c457.wav,claxon
a739.wav,aire
c129.wav,claxon
a771.wav,aire
c751.wav,claxon
a400.wav,aire
s603.wav,otro
s659.wav,otro
c078.wav,claxon
f022.wav,freno
a115.wav,aire
c555.wav,claxon
c221.wav,claxon
c226.wav,claxon
a585.wav,aire
c154.wav,claxon
c517.wav,claxon
s718.wav,otro
s358.wav,otro
a636.wav,aire
s229.wav,otro
s288.wav,otro
a073.wav,aire
a019.wav,aire
a459.wav,aire
c796.wav,claxon
a089.wav,aire
s232.wav,otro
s687.wav,otro
a139.wav,aire
s087.wav,otro
s461.wav,otro
s607.wav,otro
a221.wav,aire
f310.wav,freno
f083.wav,freno
c265.wav,claxon
c044.wav,claxon
c487.wav,claxon
f405.wav,freno
f528.wav,freno
f776.wav,freno
c346.wav,claxon
a028.wav,aire
f583.wav,freno
s305.wav,otro
s428.wav,otro
c055.wav,claxon
f614.wav,freno
f464.wav,freno
a342.wav,aire
a311.wav,aire
f211.wav,freno
a152.wav,aire
a336.wav,aire
f114.wav,freno
a575.wav,aire
a601.wav,aire
c232.wav,claxon
s610.wav,otro
c701.wav,claxon
s369.wav,otro
c507.wav,claxon
c096.wav,claxon
s482.wav,otro
f197.wav,freno
a705.wav,aire
f347.wav,freno
s561.wav,otro
f146.wav,freno
f524.wav,freno
a268.wav,aire
f127.wav,freno
s580.wav,otro
c325.wav,claxon
s702.wav,otro
a329.wav,aire
a673.wav,aire
c194.wav,claxon
c569.wav,claxon
f599.wav,freno
s774.wav,otro
s791.wav,otro
a579.wav,aire
c459.wav,claxon
s264.wav,otro
c160.wav,claxon
f573.wav,freno
a756.wav,aire
f350.wav,freno
a698.wav,aire
f345.wav,freno
f214.wav,freno
c335.wav,claxon
a358.wav,aire
c338.wav,claxon
s467.wav,otro
s110.wav,otro
s173.wav,otro
f027.wav,freno
s727.wav,otro
f354.wav,freno
a729.wav,aire
s548.wav,otro
s099.wav,otro
f210.wav,freno
s799.wav,otro
s176.wav,otro
c755.wav,claxon
s715.wav,otro
c234.wav,claxon
f639.wav,freno
f664.wav,freno
f554.wav,freno
s178.wav,otro
f650.wav,freno
f176.wav,freno
c528.wav,claxon
a232.wav,aire
a655.wav,aire
f739.wav,freno
c620.wav,claxon
a118.wav,aire
f036.wav,freno
s166.wav,otro
s259.wav,otro
a549.wav,aire
f216.wav,freno
a622.wav,aire
a192.wav,aire
c448.wav,claxon
c176.wav,claxon
s734.wav,otro
s620.wav,otro
s574.wav,otro
f157.wav,freno
s674.wav,otro
f787.wav,freno
f360.wav,freno
f123.wav,freno
c680.wav,claxon
a656.wav,aire
c063.wav,claxon
c478.wav,claxon
s263.wav,otro
s184.wav,otro
a401.wav,aire
c559.wav,claxon
a406.wav,aire
a458.wav,aire
f736.wav,freno
a131.wav,aire
c684.wav,claxon
c061.wav,claxon
a353.wav,aire
c486.wav,claxon
f582.wav,freno
f009.wav,freno
f233.wav,freno
c648.wav,claxon
s728.wav,otro
c057.wav,claxon
c052.wav,claxon
s676.wav,otro
s102.wav,otro
c081.wav,claxon
a008.wav,aire
f305.wav,freno
s641.wav,otro
a440.wav,aire
s029.wav,otro
a612.wav,aire
c570.wav,claxon
s642.wav,otro
a116.wav,aire
c503.wav,claxon
a511.wav,aire
a315.wav,aire
s343.wav,otro
f072.wav,freno
c613.wav,claxon
f416.wav,freno
f757.wav,freno
f066.wav,freno
a561.wav,aire
s265.wav,otro
s293.wav,otro
a190.wav,aire
f362.wav,freno
f052.wav,freno
a238.wav,aire
f716.wav,freno
c156.wav,claxon
s664.wav,otro
a637.wav,aire
s498.wav,otro
f232.wav,freno
a591.wav,aire
s681.wav,otro
f590.wav,freno
f515.wav,freno
a254.wav,aire
f119.wav,freno
s671.wav,otro
a170.wav,aire
f451.wav,freno
c524.wav,claxon
f412.wav,freno
c406.wav,claxon
s330.wav,otro
s224.wav,otro
c683.wav,claxon
s705.wav,otro
s563.wav,otro
a134.wav,aire
c198.wav,claxon
a343.wav,aire
c098.wav,claxon
a776.wav,aire
f594.wav,freno
a648.wav,aire
s682.wav,otro
c454.wav,claxon
s757.wav,otro
a183.wav,aire
f770.wav,freno
f329.wav,freno
c479.wav,claxon
f749.wav,freno
f436.wav,freno
f109.wav,freno
s419.wav,otro
f610.wav,freno
s494.wav,otro
c785.wav,claxon
a364.wav,aire
a778.wav,aire
s397.wav,otro
f752.wav,freno
a250.wav,aire
s530.wav,otro
s132.wav,otro
a463.wav,aire
a077.wav,aire
s124.wav,otro
c737.wav,claxon
a552.wav,aire
s566.wav,otro
f532.wav,freno
s386.wav,otro
s417.wav,otro
s706.wav,otro
s021.wav,otro
f385.wav,freno
c279.wav,claxon
f226.wav,freno
s648.wav,otro
s138.wav,otro
a590.wav,aire
f724.wav,freno
a589.wav,aire
c767.wav,claxon
s361.wav,otro
s700.wav,otro
s726.wav,otro
a030.wav,aire
a702.wav,aire
c721.wav,claxon
f567.wav,freno
a066.wav,aire
c077.wav,claxon
f764.wav,freno
c333.wav,claxon
s698.wav,otro
c095.wav,claxon
a544.wav,aire
s765.wav,otro
s327.wav,otro
a795.wav,aire
s585.wav,otro
a478.wav,aire
f505.wav,freno
f624.wav,freno
c197.wav,claxon
c516.wav,claxon
c776.wav,claxon
f189.wav,freno
a525.wav,aire
f718.wav,freno
c357.wav,claxon
c354.wav,claxon
f458.wav,freno
s076.wav,otro
a393.wav,aire
s639.wav,otro
s148.wav,otro
s403.wav,otro
s368.wav,otro
s767.wav,otro
s651.wav,otro
a679.wav,aire
s785.wav,otro
f569.wav,freno
a707.wav,aire
c243.wav,claxon
a198.wav,aire
s720.wav,otro
c792.wav,claxon
c510.wav,claxon
a788.wav,aire
f597.wav,freno
a762.wav,aire
f331.wav,freno
s557.wav,otro
c577.wav,claxon
f740.wav,freno
a784.wav,aire
f450.wav,freno
c629.wav,claxon
f566.wav,freno
c437.wav,claxon
c394.wav,claxon
a223.wav,aire
f677.wav,freno
f030.wav,freno
f753.wav,freno
s619.wav,otro
f799.wav,freno
c286.wav,claxon
c582.wav,claxon
s531.wav,otro
s688.wav,otro
s512.wav,otro
f791.wav,freno
s614.wav,otro
c419.wav,claxon
f131.wav,freno
f118.wav,freno
f619.wav,freno
a790.wav,aire
c245.wav,claxon
a375.wav,aire
f191.wav,freno
s675.wav,otro
f323.wav,freno
c304.wav,claxon
c049.wav,claxon
f681.wav,freno
f519.wav,freno
f504.wav,freno
a501.wav,aire
s582.wav,otro
s759.wav,otro
c115.wav,claxon
f489.wav,freno
a133.wav,aire
a389.wav,aire
s472.wav,otro
f107.wav,freno
a486.wav,aire
s106.wav,otro
f335.wav,freno
s379.wav,otro
c355.wav,claxon
a598.wav,aire
s508.wav,otro
a604.wav,aire
f328.wav,freno
c527.wav,claxon
c502.wav,claxon
f475.wav,freno
a583.wav,aire
c444.wav,claxon
f202.wav,freno
c041.wav,claxon
s424.wav,otro
f784.wav,freno
a798.wav,aire
f160.wav,freno
c400.wav,claxon
a482.wav,aire
c591.wav,claxon
f623.wav,freno
s623.wav,otro
c299.wav,claxon
c584.wav,claxon
c094.wav,claxon
a472.wav,aire
s777.wav,otro
f230.wav,freno
a515.wav,aire
f292.wav,freno
a496.wav,aire
f678.wav,freno
a695.wav,aire
f045.wav,freno
f606.wav,freno
a736.wav,aire
f618.wav,freno
f257.wav,freno
a176.wav,aire
s653.wav,otro
f608.wav,freno
a236.wav,aire
s416.wav,otro
c108.wav,claxon
f319.wav,freno
c251.wav,claxon
s001.wav,otro
a594.wav,aire
f073.wav,freno
f685.wav,freno
a001.wav,aire
a273.wav,aire
c534.wav,claxon
s717.wav,otro
c016.wav,claxon
s168.wav,otro
a654.wav,aire
s556.wav,otro
c773.wav,claxon
a248.wav,aire
a732.wav,aire
a692.wav,aire
s247.wav,otro
f782.wav,freno
c174.wav,claxon
s515.wav,otro
f074.wav,freno
c024.wav,claxon
a394.wav,aire
s510.wav,otro
s289.wav,otro
f077.wav,freno
a499.wav,aire
c719.wav,claxon
f403.wav,freno
c407.wav,claxon
f649.wav,freno
a500.wav,aire
a381.wav,aire
f086.wav,freno
f568.wav,freno
s633.wav,otro
a347.wav,aire
a769.wav,aire
f454.wav,freno
a592.wav,aire
c190.wav,claxon
f023.wav,freno
f082.wav,freno
s425.wav,otro
c068.wav,claxon
a064.wav,aire
a640.wav,aire
c384.wav,claxon
f357.wav,freno
c158.wav,claxon
c028.wav,claxon
s792.wav,otro
s189.wav,otro
c667.wav,claxon
a114.wav,aire
c624.wav,claxon
c138.wav,claxon
s256.wav,otro
a451.wav,aire
a689.wav,aire
f018.wav,freno
s347.wav,otro
a670.wav,aire
c236.wav,claxon
c350.wav,claxon
s605.wav,otro
f396.wav,freno
c428.wav,claxon
s291.wav,otro
s453.wav,otro
s673.wav,otro
c730.wav,claxon
s533.wav,otro
f693.wav,freno
s594.wav,otro
s576.wav,otro
s151.wav,otro
f410.wav,freno
c429.wav,claxon
f231.wav,freno
s031.wav,otro
s691.wav,otro
f390.wav,freno
f745.wav,freno
s250.wav,otro
s722.wav,otro
s273.wav,otro
f636.wav,freno
c079.wav,claxon
s074.wav,otro
c053.wav,claxon
c770.wav,claxon
f273.wav,freno
a514.wav,aire
s493.wav,otro
s053.wav,otro
c175.wav,claxon
f407.wav,freno
a516.wav,aire
a175.wav,aire
c795.wav,claxon
f453.wav,freno
c460.wav,claxon
c468.wav,claxon
f536.wav,freno
c554.wav,claxon
c464.wav,claxon
a522.wav,aire
s552.wav,otro
a521.wav,aire
a269.wav,aire
c317.wav,claxon
s314.wav,otro
a605.wav,aire
c675.wav,claxon
c560.wav,claxon
c278.wav,claxon
s544.wav,otro
s123.wav,otro
f648.wav,freno
s406.wav,otro
f727.wav,freno
c370.wav,claxon
a666.wav,aire
c750.wav,claxon
f759.wav,freno
s186.wav,otro
c307.wav,claxon
f796.wav,freno
a357.wav,aire
c035.wav,claxon
c627.wav,claxon
f125.wav,freno
f698.wav,freno
a378.wav,aire
f081.wav,freno
f652.wav,freno
c353.wav,claxon
f042.wav,freno
s612.wav,otro
f155.wav,freno
c645.wav,claxon
s749.wav,otro
c753.wav,claxon
a366.wav,aire
c432.wav,claxon
c275.wav,claxon
c376.wav,claxon
f258.wav,freno
f424.wav,freno
a529.wav,aire
c646.wav,claxon
c603.wav,claxon
s316.wav,otro
f217.wav,freno
c087.wav,claxon
f711.wav,freno
c687.wav,claxon
a291.wav,aire
s246.wav,otro
f144.wav,freno
c371.wav,claxon
s499.wav,otro
s230.wav,otro
f378.wav,freno
s026.wav,otro
f400.wav,freno
f308.wav,freno
s196.wav,otro
a711.wav,aire
s712.wav,otro
c592.wav,claxon
f630.wav,freno
a179.wav,aire
c793.wav,claxon
f671.wav,freno
c690.wav,claxon
c585.wav,claxon
f132.wav,freno
c366.wav,claxon
c200.wav,claxon
c287.wav,claxon
f021.wav,freno
c128.wav,claxon
a298.wav,aire
s458.wav,otro
a283.wav,aire
f414.wav,freno
c268.wav,claxon
s058.wav,otro
s616.wav,otro
a004.wav,aire
c074.wav,claxon
c726.wav,claxon
c215.wav,claxon
c332.wav,claxon
a388.wav,aire
a630.wav,aire
f084.wav,freno
s549.wav,otro
s362.wav,otro
c526.wav,claxon
a235.wav,aire
c241.wav,claxon
c204.wav,claxon
f531.wav,freno
s657.wav,otro
s781.wav,otro
c635.wav,claxon
s158.wav,otro
a189.wav,aire
f186.wav,freno
c395.wav,claxon
s002.wav,otro
s011.wav,otro
s367.wav,otro
f268.wav,freno
c653.wav,claxon
a785.wav,aire
f218.wav,freno
a593.wav,aire
s360.wav,otro
s663.wav,otro
s044.wav,otro
c177.wav,claxon
c093.wav,claxon
c557.wav,claxon
a512.wav,aire
f406.wav,freno
f571.wav,freno
a377.wav,aire
s107.wav,otro
f516.wav,freno
a205.wav,aire
s776.wav,otro
c161.wav,claxon
f446.wav,freno
f037.wav,freno
a483.wav,aire
s183.wav,otro
s474.wav,otro
s113.wav,otro
a078.wav,aire
a434.wav,aire
s669.wav,otro
f539.wav,freno
c708.wav,claxon
f733.wav,freno
s283.wav,otro
c145.wav,claxon
f085.wav,freno
c050.wav,claxon
f609.wav,freno
f534.wav,freno
f274.wav,freno
s153.wav,otro
s027.wav,otro
s104.wav,otro
c084.wav,claxon
s459.wav,otro
s064.wav,otro
s035.wav,otro
a691.wav,aire
a415.wav,aire
c193.wav,claxon
s678.wav,otro
f162.wav,freno
s617.wav,otro
f705.wav,freno
a435.wav,aire
c509.wav,claxon
a006.wav,aire
a528.wav,aire
f365.wav,freno
a492.wav,aire
c736.wav,claxon
f294.wav,freno
s190.wav,otro
c413.wav,claxon
s120.wav,otro
c715.wav,claxon
s772.wav,otro
s496.wav,otro
c703.wav,claxon
s744.wav,otro
c586.wav,claxon
c020.wav,claxon
a520.wav,aire
a502.wav,aire
a734.wav,aire
f003.wav,freno
f175.wav,freno
c465.wav,claxon
s357.wav,otro
f182.wav,freno
s375.wav,otro
s433.wav,otro
a553.wav,aire
s121.wav,otro
f332.wav,freno
f371.wav,freno
c563.wav,claxon
a293.wav,aire
c447.wav,claxon
f621.wav,freno
f428.wav,freno
c426.wav,claxon
f498.wav,freno
s484.wav,otro
a321.wav,aire
s094.wav,otro
a650.wav,aire
a634.wav,aire
a419.wav,aire
f558.wav,freno
a447.wav,aire
a424.wav,aire
f041.wav,freno
a524.wav,aire
c130.wav,claxon
s711.wav,otro
f731.wav,freno
a196.wav,aire
c611.wav,claxon
a220.wav,aire
s736.wav,otro
a086.wav,aire
c599.wav,claxon
f289.wav,freno
c566.wav,claxon
f742.wav,freno
s392.wav,otro
s450.wav,otro
s789.wav,otro
f158.wav,freno
f763.wav,freno
c663.wav,claxon
a616.wav,aire
a367.wav,aire
f229.wav,freno
s129.wav,otro
c080.wav,claxon
c409.wav,claxon
c244.wav,claxon
f280.wav,freno
f106.wav,freno
s643.wav,otro
f779.wav,freno
f468.wav,freno
a642.wav,aire
f239.wav,freno
c007.wav,claxon
c039.wav,claxon
c622.wav,claxon
c498.wav,claxon
f383.wav,freno
f167.wav,freno
s304.wav,otro
a677.wav,aire
s122.wav,otro
c610.wav,claxon
a123.wav,aire
f672.wav,freno
c552.wav,claxon
a485.wav,aire
a740.wav,aire
f771.wav,freno
f456.wav,freno
s640.wav,otro
c089.wav,claxon
f035.wav,freno
a565.wav,aire
f089.wav,freno
s012.wav,otro
c483.wav,claxon
a685.wav,aire
a412.wav,aire
a457.wav,aire
a331.wav,aire
a399.wav,aire
c313.wav,claxon
c388.wav,claxon
a314.wav,aire
s143.wav,otro
a645.wav,aire
s438.wav,otro
a101.wav,aire
f112.wav,freno
a761.wav,aire
f755.wav,freno
f754.wav,freno
a573.wav,aire
s144.wav,otro
s238.wav,otro
c122.wav,claxon
a647.wav,aire
s426.wav,otro
s133.wav,otro
c614.wav,claxon
a274.wav,aire
c091.wav,claxon
a470.wav,aire
f542.wav,freno
a737.wav,aire
f680.wav,freno
s405.wav,otro
f031.wav,freno
a683.wav,aire
s427.wav,otro
f038.wav,freno
f236.wav,freno
s491.wav,otro
f312.wav,freno
c512.wav,claxon
c393.wav,claxon
f096.wav,freno
f674.wav,freno
s434.wav,otro
a345.wav,aire
c761.wav,claxon
s095.wav,otro
a706.wav,aire
f285.wav,freno
f488.wav,freno
c692.wav,claxon
s783.wav,otro
c285.wav,claxon
s790.wav,otro
a738.wav,aire
s225.wav,otro
c537.wav,claxon
a332.wav,aire
a051.wav,aire
f509.wav,freno
f551.wav,freno
a047.wav,aire
a469.wav,aire
a112.wav,aire
a240.wav,aire
a408.wav,aire
f688.wav,freno
a258.wav,aire
c071.wav,claxon
c442.wav,claxon
a468.wav,aire
c134.wav,claxon
c571.wav,claxon
f008.wav,freno
c574.wav,claxon
a172.wav,aire
f138.wav,freno
a260.wav,aire
f409.wav,freno
c607.wav,claxon
a249.wav,aire
f565.wav,freno
f578.wav,freno
s564.wav,otro
f703.wav,freno
c188.wav,claxon
f369.wav,freno
c711.wav,claxon
s266.wav,otro
c619.wav,claxon
s191.wav,otro
a382.wav,aire
s309.wav,otro
f553.wav,freno
c312.wav,claxon
a703.wav,aire
f164.wav,freno
f324.wav,freno
f263.wav,freno
s766.wav,otro
a128.wav,aire
c119.wav,claxon
c504.wav,claxon
s497.wav,otro
a397.wav,aire
a411.wav,aire
c640.wav,claxon
s710.wav,otro
c127.wav,claxon
f761.wav,freno
c549.wav,claxon
f663.wav,freno
a797.wav,aire
f783.wav,freno
s656.wav,otro
c258.wav,claxon
f056.wav,freno
f690.wav,freno
c404.wav,claxon
s023.wav,otro
a132.wav,aire
f102.wav,freno
s171.wav,otro
a625.wav,aire
a327.wav,aire
a686.wav,aire
a020.wav,aire
c381.wav,claxon
f632.wav,freno
s613.wav,otro
c485.wav,claxon
c453.wav,claxon
c434.wav,claxon
f748.wav,freno
s479.wav,otro
s606.wav,otro
a448.wav,aire
s201.wav,otro
s111.wav,otro
f147.wav,freno
f431.wav,freno
a255.wav,aire
c099.wav,claxon
c481.wav,claxon
a023.wav,aire
c086.wav,claxon
a142.wav,aire
f260.wav,freno
c519.wav,claxon
s665.wav,otro
a741.wav,aire
c292.wav,claxon
f401.wav,freno
a312.wav,aire
c152.wav,claxon
a674.wav,aire
s271.wav,otro
s693.wav,otro
f209.wav,freno
a713.wav,aire
a046.wav,aire
s128.wav,otro
f503.wav,freno
f269.wav,freno
s245.wav,otro
f374.wav,freno
c121.wav,claxon
s152.wav,otro
f320.wav,freno
s220.wav,otro
a665.wav,aire
s005.wav,otro
a328.wav,aire
c495.wav,claxon
a265.wav,aire
f227.wav,freno
f556.wav,freno
f777.wav,freno
a346.wav,aire
a764.wav,aire
s507.wav,otro
a069.wav,aire
a153.wav,aire